review,rating,sentiment,sentiment_prob_0,sentiment_prob_1
前台小姑娘服务好得一比吊糟，给我免升房间，还给我送水果吃，人长得也好看。,5,1.0,1.4829527572146617e-05,0.9999852180480957
因为补课所以找了一家酒店，这家酒店服务特别到位，前台小姐姐倩倩非常的棒，很喜欢这里的风景服务等等,5,1.0,1.4707979971717577e-05,0.9999853372573853
我觉得这个酒店很好 前台的小姐姐服务很好 很有耐心   房间安静 干净卫生 停车方便 周边吃饭都很不错  下次来还会选择这家酒店 ,5,1.0,8.457159128738567e-05,0.9999154806137085
酒店停车方便，周边就是商场，前台服务热情,5,1.0,0.00010303105955244973,0.9998970031738281
早餐丰盛味道美，服务热情很周到。房间舒适卫生好，出差旅行好去处。,5,1.0,0.00010716648102970794,0.9998928308486938
内窗房比较闷热这一点是美中不足，其他都很不错。,5,1.0,0.0023994024377316236,0.9976006150245667
非常好，前台接待服务热情,5,1.0,7.044587255222723e-05,0.9999295473098755
服务好，早餐好，位置好，房间很nice,5,1.0,0.0035681244917213917,0.996431827545166
小房经理服务好，房间安静，停车方便,5,1.0,3.430592914810404e-05,0.9999656677246094
很热情，房间也很干净，很赞,5,1.0,0.007042839191854,0.9929571151733398
前台小姐姐服务特别好，周到，温柔，积极，主动。位置很赞，地铁口旁边，优越，方便。设施新，房间很大，宽敞，房间空间大，采光好，明亮，安静舒适，卫生很干净，床舒服，床垫舒适，水压大，出水快，水温好，洗澡舒服，网速快，办公方便。好，良好，很好，非常好，棒，很棒，非常棒，赞，点赞，大大给赞，强力推荐! 客房阿姨亲切，服务好，动作麻利。早餐好，早餐赞，品种多，色泽鲜美，面条有特色，汤料好，口味好，分量足，好吃，非常好吃，美味。洗衣房很好，自助方便，干净卫生，花茶好喝，口味佳，暖心。停车场空间大，便于停车。,5,1.0,1.4265695426729508e-05,0.9999856948852539
我住的那个家有点异味,5,1.0,0.020975302904844284,0.9790247082710266
干净清爽，又先进,5,1.0,0.004108996130526066,0.9958909749984741
给前台打电话，多加一床被子都不行。什么态度呢，不够盖，多送一床都不行么,5,0.0,0.9998397827148438,0.00016023902571760118
服务态度很好，房间干净整洁，免费洗衣服，有种家的味道,5,1.0,0.0001229855406563729,0.9998769760131836
因为我行李比较多，我办好入住以后，前台小哥哥帮我拿到房间了，早餐特别棒，绿豆汤非常好吃，天气热解暑。,5,1.0,4.1186543967342004e-05,0.9999587535858154
前台服务员态度特别好 点赞点赞??,5,1.0,1.2033196071570273e-05,0.9999879598617554
前台接待热情周到，让人宾至如归。,5,1.0,4.604354398907162e-05,0.9999539852142334
停车难加之夜里老有歌手在南门拿着扩音器唱歌??,5,1.0,0.151558056473732,0.8484418988227844
评价系统换了还是？光星程是？同名同姓身身份证号不一样也会显示存？,5,0.0,0.999962568283081,3.7442347093019634e-05
闹中取静！,5,1.0,0.0006575110601261258,0.9993425011634827
早餐很好吃 地理位置优越,5,1.0,0.00013063532242085785,0.9998693466186523
房间很好，位置也很方便以后来济南就住这了。,5,1.0,6.001261863275431e-05,0.999940037727356
翻新的酒店  呵呵,5,0.0,0.9998774528503418,0.0001225049636559561
很喜欢这里，还会继续入住,5,1.0,0.051335521042346954,0.9486644268035889
整体环境好，卫生好,5,0.0,0.9889869689941406,0.011013077571988106
"离地铁站 花卉进！ 前台服务很满意  卫生干净 优雅 很舒适
",5,1.0,0.0003427579649724066,0.9996572732925415
朋友都说很好的酒店，早餐丰富好吃，网络也很好，,5,1.0,1.8676772015169263e-05,0.9999812841415405
很好，非常好，以后还会入住,5,1.0,0.0009379640687257051,0.9990620017051697
酒店位置优越，出门对面就是万达广场，餐饮、购物配套都很齐全。有专门的地下停车场，门口还有滨河绿化带，非常好！,5,1.0,0.00012678804341703653,0.999873161315918
第一次入住海伦路全季，因为离公司比较近所以就住了一晚，第一眼的感觉是非常新，到了前台入住时，前台小姐姐给我倒了一杯茶，因为来的时候路上眼镜支架不小心断了，便问前台有没有胶水想先沾上再去换，作为近视患者没有眼镜太没有安全感了，前台小姐姐不但帮我找了胶水还主动帮我粘好，她说胶水弄到手上不好洗，粘好还帮我眼镜擦的很干净，并给了我一个眼镜布还把胶水给我了，说是以防万一，跟我讲附近哪里哪里有眼镜店可以去修，我觉得这个小姐姐真的很细心，真的是超级超级感动，第一次觉得住酒店可以那么温馨，然后酒店的房间卫生也很干净，有很多智能设备，早餐也很丰盛，是一次非常美好的入住体验，一定要用美好来形容，感谢小姐姐,5,1.0,1.1499454558361322e-05,0.9999885559082031
L大气，高端，美丽，大方，主动，外观漂亮，值得推荐，强烈推荐，防疫工作到位，安全周到，会再次入住，很放心，布局棒，很满意，非常好，赞，点赞，非常赞，给赞，分量足，很棒，非常棒，优越，好，良好，很好，暖心，安静，舒适，放心，给力，棒！物超所值，床舒服，床品舒适，备用的被子，茶好喝，咖啡很香，睡得很好，配套齐全，房间空间大，房间采光好，洗澡舒服，水压大，停车场空间很大，网速快，大厅布局合理，装修有特色，配套齐全，卫生干净，前台漂亮，服务热情，客房阿姨亲切，服务好，早餐品种多，蔬菜水果新鲜，早餐丰盛，口味佳，口味好，好吃，美味，距离高铁站近，交通便利，离高铁站近，出行方便，2.5号线就在附近方便！,5,1.0,1.4865519005979877e-05,0.9999850988388062
服务挺好，但房间隔音有点差……,5,1.0,0.00015856271784286946,0.9998414516448975
环境好 酒店位置也很好 服务更是好 点赞！,5,1.0,2.5054647267097607e-05,0.9999749660491943
离学校近，酒店舒适，大堂好，地理位置好，菜品好，地铁近，早餐很丰富，菜品好，厨师亲切，包子好，面条好吃，品类挺丰富的，齐全:客房设施好 装饰不错，灯光温馨，上档次，地毯好看，设施完善，干净，酒店服务挺好，专业，态度好，非常棒的，值得推荐，棒棒的，公交车很近，打车很方便，很舒适，大厅很有心思，客房打扫速度，大姐打扫干净，无异味，有暖心的矿泉水，房间宽敞，卫生间很大，洗澡水舒服，电视大，电视频道多，环境好，地毯好看，服务员热情，很满意，推荐，点赞!这么好的酒店，推荐给朋友，服务棒!致敬酒，非常完美，有家的感觉，特别热情，非常周到，干净整洁，有问必答，无线网好，风景好，视野也好，特别贴心，会再次光临,5,1.0,1.2865845747001003e-05,0.9999871253967285
首次入住这家全季，很大的房间，卫生很棒，早餐种类很多，有南京的桂花糖芋苗，房间里面有小爱同学智能化服务，前台入住都会给一瓶矿泉水，还有可爱的机器人帮忙送餐，阿姨们都会微笑对我们打招呼，客厅还有小商品卖,5,1.0,1.3049659173702821e-05,0.999987006187439
服务好，旁边???步行街,5,1.0,0.05022250488400459,0.9497775435447693
"房间空间大,安静舒适,卫生很干净,床舒服,水压大,洗澡舒服,网速快,办公方便。卫生整洁,干净,放心,给力。位置好,优越,地铁附近,交通便利,出行方便。酒店外观漂亮,高端,大气,上档次,大厅装修有特色,布局合理。红茶好喝,暖心。前台漂亮,大方,美丽,服务热情,主动。客房阿姨亲切,服务好。早餐品种多,好吃,口味好,分量足,好吃,美味。防疫工作到位安全周到。好,良好,很好,非常好,棒,很棒,非常棒,赞,点赞,大大给赞,强力推荐",5,1.0,2.49527129199123e-05,0.9999750852584839
前台小哥服务特别好！,5,1.0,2.1173373170313425e-05,0.99997878074646
非常好 房间很大 很宽厂,5,1.0,0.00013241848500911146,0.9998675584793091
很好，前台服务热情。客房干净卫生。,5,1.0,0.02714797668159008,0.9728519916534424
服务态度很好，已经住过好多次了，离西湖很近，早餐蛋饼好吃，酒店性价比高值得推荐,5,1.0,2.764812597888522e-05,0.9999723434448242
前台服务热情，性价比高，环境还不错，房间挺干净，床比较舒适。大堂明亮，前台服务周到，大堂咖啡也是免费的，味道还不错。电梯刷卡，安全有保障。,5,1.0,0.0009193508885800838,0.9990806579589844
装修比较新，整体感觉良好,5,1.0,0.326357901096344,0.6736420392990112
客房刘继红大姐蛮好的，服务比较热情，帮我把洗的衣物都晾晒好了，感谢,5,1.0,6.149036926217377e-05,0.9999384880065918
"来哈尔滨是我住过最好的酒店，新酒店，24小时热水，浴室大，备品也齐全，停车方便，车位充足，房间设施新，55寸电视看起来很好，客房干净整洁，没有异味，也很干净，房间大，配备了红茶，温度适宜，有地热，很温暖，安静舒适，价格实惠，物超所值，前台服务热情，帮我订房，办理入住快，经理都超级好，有问必答，特别细心，有礼貌人员业务专业，服务一流，适合出差，值得一去，周围环境优美，幽静，网速快，早餐种美丰盘，早餐好吃，住着安心，又方便，很有家的感觉，机场大巴也很方便，，优先考虑，保安也热情，值得推荐，大大的赞，都棒棒哒，一还会光顾，好，好，好，好,好，棒，好，好",5,1.0,1.9600474843173288e-05,0.9999804496765137
前台小姐姐服务很好，江经理人很好看我带小孩帮我升级了房型！早餐很好吃，品种很多！房间很大，卫生很干净！还会继续选择,5,1.0,1.7837481209426187e-05,0.9999821186065674
服务态度非常满意，早餐丰富，房间干净,5,1.0,0.0037091730628162622,0.9962908029556274
服务非常好，房间很大，房间很干净，早餐很好，白粥很香甜，酒店位置很好，很好找，出行很方便。,5,1.0,0.00018207366520073265,0.9998179078102112
优点是前台帅哥服务态度特别好。美中不足的是牙膏牙刷没送过去,5,1.0,3.529679088387638e-05,0.999964714050293
"前台帅哥很热情办理入住，房间窗帘有点问题也及时处理好了，整体都很好，去哪都方便，早餐也特别棒，各种各样的饭菜吃的饱饱的！
",5,1.0,2.524438241380267e-05,0.9999747276306152
房间地板和地砖黏黏的，粘鞋底（并非地板蜡）。希望能够清理干净。,5,0.0,0.9998888969421387,0.00011107687896583229
服务态度很好，卫生也干净，值得入住,5,0.0,0.8170551657676697,0.18294483423233032
环境不错，一直住这边，位置最好，吃的，玩的,5,1.0,7.848383393138647e-05,0.9999215602874756
总体来说，酒店居住体验很好，房间干净整洁，床垫很舒服，被子也很新，酒店的机器人送物是个亮点，孩子特别喜欢。前台秦服务很好，专业热情，会员零押金入住，退房也很方便。酒店就在运河边上，周边环境很好，在房间还能看到夜景，非常好。免费停车场车位多，好停车，值得推荐。,5,1.0,8.240721217589453e-05,0.9999176263809204
房间的剃须刀小度点单了，没有收到，洗漱台的插座没电，希望能够做的更好吧！整体感觉不错,5,0.0,0.9856239557266235,0.014376017265021801
很不错，最近过来一直住这里，吃东西也方便,5,1.0,0.03623533993959427,0.9637647271156311
一次很棒的入住体验，前台服务员双娇很好，给我提供了不少便利！,5,1.0,8.892671030480415e-05,0.9999110698699951
从酒店出去一街之隔就是美食街，吃的东西非常多，这一点我最爱！酒店房间是现代简约休闲风，给人的感觉安静，舒适，干净，大厅里前台工作人员服务热情，周到，有任何问题或需要都会为顾客解决和提供！,5,1.0,2.538273110985756e-05,0.9999746084213257
早餐很不错 交通便利 前台小润服务周到,5,1.0,2.4038863557507284e-05,0.9999759197235107
窗户太小基本跟没有一样,5,0.0,0.9994915723800659,0.000508427619934082
已经是老客户了,5,1.0,0.00010847158409887925,0.9998915195465088
"那房卡上楼后，打开门里面竟然有人，下楼问前台还有点不耐烦????????
",5,0.0,0.9994382262229919,0.0005617171991616488
520房间墙面有不明液体痕迹没有擦干净，比较掉价,5,0.0,0.999968409538269,3.16016303258948e-05
入住感受很好，客房干净整洁,5,1.0,0.0038466330152004957,0.9961534142494202
酒店前台服务热情，房间干净整洁，看上去很舒服,5,1.0,0.0012158557074144483,0.9987841248512268
房间干净卫生，非常舒服，前台小姐姐也非常热情，尤其是回访电话的那个小姐姐,5,1.0,0.00013502906949725002,0.999864935874939
提前沟通大床房和商务房区别，告诉我商务房比较大，好我定商务房，给我最小的房间，怎么想的?差评,5,0.0,0.9999722242355347,2.781203147605993e-05
酒店干净整洁，前台服务很好，走时还送了茶饼，早餐很不错。,5,1.0,0.00036126183113083243,0.9996386766433716
很满意的一个酒店,5,1.0,0.12788252532482147,0.8721174001693726
特别棒，服务满意，早餐满意，值得推荐,5,1.0,1.4187372471496928e-05,0.9999858140945435
服务挺好的经常过来老客户房间舒适早餐挺好的,5,1.0,8.261209586635232e-05,0.9999173879623413
还可以，打扫的还挺干净，价格值了，还会回购的,5,1.0,0.0005283839418552816,0.9994716048240662
手机信号能优化一下就好了,5,0.0,0.997348427772522,0.002651591319590807
早餐不错，房间舒适，交通便利,5,1.0,0.0025027524679899216,0.9974972605705261
早餐很好吃，特别有特色，前台服务也很棒，很专业，房间很舒适，很暖和，酒店离西站很近，好评！棒棒棒！,5,1.0,2.5608091164031066e-05,0.9999743700027466
马上边上太吵   卫生间太小,5,0.0,0.9841940999031067,0.015805931761860847
服务很好、热情周到  打开房间门空调已经帮忙开好了！赞。,5,1.0,1.3801918612443842e-05,0.9999861717224121
地理位置很好，周边饭店多，出去玩坐车也很方便还有免费停车场。赞,5,1.0,2.2089912818046287e-05,0.9999779462814331
房间干净，位置优越，前台服务好，小刘还赠送小礼品,5,1.0,2.890754876716528e-05,0.9999710321426392
上饶这家酒店离万达很近、吃饭也挺方便的 前台小姐姐 服务态度很好 值得点赞??,5,1.0,1.809169953048695e-05,0.9999818801879883
总体十分满意，前台服务特别热情，来的时候比较晚，给送了小点心和牛奶，带着孩子入住，还给送了宝宝牙刷和拖鞋，服务细心周到，房间也很干净，下次还来这家全季住,5,1.0,2.8242639018571936e-05,0.9999717473983765
酒店前台服务态度非常好，不错，房间干净舒适，设施齐全，环境舒适安静，,5,1.0,0.00026647659251466393,0.9997335076332092
房间设施很好很喜欢环境也不错干净卫生,5,1.0,3.6723842640640214e-05,0.9999632835388184
环境不错，周边景区很近，楼下就是小吃街，非常方便，前台服务热情，感谢前台小郑和小花们的热情服务,5,1.0,2.9516473659896292e-05,0.9999704360961914
很好  房间干净   服务也很好  周边吃饭也很方便  ,5,1.0,0.0013416537549346685,0.998658299446106
服务热情，有问必答，早餐做的很丰盛，并且时间很长到10点才结束,5,1.0,4.030457785120234e-05,0.9999597072601318
好优好不错连住10天了,5,1.0,0.00014234577247407287,0.9998576641082764
冻感冒了,5,0.0,0.9581477046012878,0.041852355003356934
"首先呢早餐非常丰富种类繁多，然后前台的小姐
姐服务也非常热情。交通也蛮方便的，台儿庄路下来出4号口十分钟就走到了，还有停车位。房间是重新整装过的非常的漂亮 ",5,1.0,1.3069310625724029e-05,0.9999868869781494
希望卫生间增加地垫,5,0.0,0.9555270075798035,0.04447299242019653
卫生间略有一点异味，希望可以除去,5,1.0,0.17542965710163116,0.82457035779953
早餐玉米面条很好吃，很有特色，很好吃，服务也别贴心，房间卫生也很棒，好评，还会再来入住。,5,1.0,0.00011098053073510528,0.9998890161514282
第一次铂金会员有点委屈，车场第二早竟然收费50元！卫生一般，第二天皮肤有瘙痒不适感觉。,5,0.0,0.9999080896377563,9.193592995870858e-05
环境好 房间空间大 前台服务好,5,1.0,9.737746586324647e-05,0.999902606010437
地理位置优越，去火车站很方便，房间很干净舒适，床单被罩都是新的，wifi也很好，看电影也不卡，空调制热也不错，一点也不冷，洗浴设施也很全，洗发水很香，前台接待员也很热情，每次进门就问好，有免费停车位，有种星级酒店的待遇。下次还会选择宜必思尚品酒店！,5,1.0,1.9294155208626762e-05,0.9999806880950928
很贴心的前台，有问必答！,5,1.0,1.914187305374071e-05,0.9999808073043823
服务好，早餐丰富，交通便利，空调舒服，干净卫生，隔音好,5,1.0,9.613724250812083e-05,0.9999037981033325
服务很热情，各方面都很喜欢，很赞,5,1.0,0.00012540911848191172,0.9998745918273926
很不错的入住体验，前台的服务非常好！停车方便,5,1.0,0.00018991579418070614,0.9998101592063904
"很好，大厅设施齐全，高大上，香味好闻，电梯干净明亮，免费洗衣液，还自动烘干一体，方便，出差首选，房间明亮，电视大，窗户发发大，阳光充足干净，装修风格好，电视大，床垫松软，办公方舒服，布草好，枕头好，拖鞋防滑，舒服，电视频道多，茶包好喝，窗帘遮光效果好，空气好，，网速快，办公稳定，信号强，走廊合理布局，地毯好看，设计感强，干净好看，洗衣机洗的干净，免费，提供洗衣液，拖鞋防滑，舒适，茶包好喝，窗帘遮光效果，镜子大，马桶干净，水压稳，纸手感好，热水很好，空调制热快，水温很舒适，早餐品种多，下午茶好喝，水果好吃，毛巾柔软，停车场大，停车方便，好，很好，非常好，停车位多，标牌明显，好,很好,棒,很棒,好",5,1.0,3.003848723892588e-05,0.9999699592590332
"之前有在市中心住过酒店，那边停车不是很方便，来了这家酒店，有大型停车场，在这一方面酒店做的挺好的！
",5,1.0,1.4785975508857518e-05,0.9999852180480957
房间干净卫生，入住感受特别棒，还有停车场，值得推荐的酒店，好评！,5,1.0,9.663448145147413e-05,0.9999033212661743
春节期间入住，很干净、舒服。,5,1.0,0.018882300704717636,0.9811176657676697
"这家全季在一个商圈里，高层，进入大堂落地窗，直接可以看到人民大学！喜欢在他家的大堂办公，闻着茶香，坐在窗户旁，喝着一杯现磨的咖啡，特别惬意！
酒店的服务人员都很热情，店长亲自给我端茶，还给我们介绍华住的不同品牌，很有内涵！房间也是干净整齐，早餐在2A层，早餐很丰富面食、粗粮都有，还有煎蛋 煮香肠，服务员推荐了白粥、卤鸡蛋，都很好吃，现煮的小馄饨特别好，可以自己调味道，很值得推荐，下次还选这里",5,1.0,1.4468803783529438e-05,0.9999855756759644
房间干净卫生，早餐很丰盛，强烈推荐！,5,1.0,2.6723982955445535e-05,0.9999732971191406
房间不错前台服务热情??，特别是小夏,5,1.0,1.916457767947577e-05,0.9999808073043823
枕头套有红色污渍，提了也没给换,5,0.0,0.9999353885650635,6.455882976297289e-05
性价比很高，很满意，服务很好,5,1.0,0.28976333141326904,0.710236668586731
"棒??
",5,1.0,0.0035987284500151873,0.996401309967041
前台服务很好 升级了房型 上楼帮忙连音响蓝牙 房间没有异味,5,1.0,1.4793028640269767e-05,0.9999852180480957
隔音效果不好，影响休息,5,0.0,0.9998564720153809,0.00014351813297253102
房间床大，卫生干净，小杨服务态度很好,5,1.0,9.453831444261596e-05,0.9999054670333862
早餐好吃，前台Abby和Wendy服务很棒！,5,1.0,1.9873921701218933e-05,0.999980092048645
"卫生不错，设施设备也挺好
就是网速有点慢，
电视节目也挺好
就是位置有点偏了，离市中心有点远，周围也没有太多娱乐休闲之处，吃饭的地方也少",5,1.0,3.802089486271143e-05,0.9999619722366333
好。下次还会再来,5,1.0,0.003318334463983774,0.9966816306114197
房间较小 ,5,0.0,0.8495398759841919,0.15046018362045288
有机会还来,5,1.0,0.004657580982893705,0.995342493057251
环境优美，房间干净，工作人员热情有礼貌，见到我都会打招呼，退房的时候前台小姐姐还送了瓶水，服务很周到，真心值得推荐,5,1.0,0.0001589687162777409,0.9998409748077393
喜欢这里，出差就住这里，是长住客,5,1.0,3.240350270061754e-05,0.9999675750732422
略贵，性价比一般,5,0.0,0.9999109506607056,8.901256660465151e-05
服务周到，房间干净，满意。,5,1.0,0.0047339582815766335,0.9952660799026489
比较冷，空调基本没用,5,0.0,0.9999098777770996,9.013828093884513e-05
早餐品种太少，需要改进！,5,0.0,0.5790364742279053,0.4209635555744171
非常满意，交通便利，服务热情温暖,5,1.0,0.0011975356610491872,0.9988024234771729
每次都入住这家店，交通便利，周边也很多吃的。前台范经理服务很好，每次都帮忙选房，耐心，细心。交流也很热情到位，领导多表扬。 司机胖师傅也很热情，及时接送客人。,5,1.0,4.243897637934424e-05,0.9999575614929199
"马桶的体验很不好。

我是男人，坐便的时候钉钉会碰到马桶内壁，因为这里的马桶内壁前端的倾斜角度过于水平，所以坐便的时候钉钉会直接接触内壁陶瓷，非常不卫生",5,0.0,0.9997871518135071,0.00021286867558956146
非常好 就是没有穿衣镜??,5,1.0,0.0004957452183589339,0.9995042085647583
很棒的哦！！,5,1.0,0.004944047890603542,0.9950559139251709
没有电视,5,0.0,0.9982985854148865,0.0017013782635331154
还不错  推荐的  服务也挺好,5,1.0,0.001172262942418456,0.9988277554512024
非常好，交通方便,5,1.0,0.09223280847072601,0.9077672362327576
很好，大厅有书可以借，房间入住很舒服,5,1.0,0.002314967568963766,0.9976850748062134
酒店前台接待态度差,5,0.0,0.9999692440032959,3.075599670410156e-05
很不错，就是早餐不是很合口味,5,1.0,0.04098324477672577,0.9590167999267578
服务好，房间干净，早点丰富，粥很好喝，交通方便，，，，,5,1.0,4.7835768782533705e-05,0.9999521970748901
除了房间偏小，其他还行，经济型酒店里算干净清爽的。距离步行街酒店很近，地铁站也不远，早餐虽简单花样少，品质还不错。,5,1.0,2.153432069462724e-05,0.9999784231185913
345房间马桶垫圈太小，不匹配。窗户坏了关不严，有噪音有蚊子。走道喷的空气清新剂味道太浓。,5,0.0,0.9997904896736145,0.00020954335923306644
停车方便  出行交通方便  干净卫生  早餐丰富,5,1.0,0.0004097195924259722,0.9995903372764587
环境特别好，前台的薛小姐服务很周到,5,1.0,2.893703458539676e-05,0.9999710321426392
服务很好 香芬好闻 房间很大 很干净 客房服务热情 很好 很棒 位置很好 停车方便  好好,5,1.0,0.0007938906783238053,0.9992061257362366
酒店管理人员非常用心，前台小姐姐热情似火，工作人员热情，硬件设施齐全,5,1.0,3.0029779736651108e-05,0.9999699592590332
服务各方面都很好,5,1.0,0.006881492678076029,0.9931185245513916
"干净卫生,价格划算,服务好,环境优美,装修风格，我也喜欢,很多细节做得很到位。地理位置好,公交车站就在附近,交通方便,房间舒适卫生,服务人员很热情,乐于提供各种帮助,前台有很多日常用品可以拿取,性价比不错,下次还会继
续入住",5,1.0,2.8190142984385602e-05,0.999971866607666
很好很好很好很好很好很好很好很好很好很好很好很好很好很好很好很好很好很好很好很好很好很好很好很好很好很好很好很好很好很好很好很好很好很好很好很好很好很好很好很好很好很好很好很好很好很好很好很好很好很好很好很好很好很好很好很好很好很好很好很好很好很好很好很好很好很好很好很好很好很好很好很好很好很好很好很好很好很好很好很好很好很好很好很好很好很好很好很好很好很好很好很好很好很好很好很好很好很好很好很好很好很好很好很好很好很好很好很好很好很好很好很好很好很好很好很好很好很好很好很好很好很好很好很好很好很好很好很好,5,1.0,0.0003906814963556826,0.9996092915534973
挺好的，看我是普通会员，帮我们延迟退房，服务很好。有停车场，很方便。,5,1.0,2.1336241843528114e-05,0.9999786615371704
每次过来都住这里，前台很热情，客房很干净,5,1.0,0.0004122310783714056,0.9995878338813782
酒店大堂干净整洁。前台服务员马欣荣态度好。周边环境方便。里地铁很近。下次会在来入住的呢,5,1.0,0.00019984877144452184,0.9998001456260681
很好，停车场大，交通吃饭方便，前台很热情，,5,1.0,0.00016950139252003282,0.9998304843902588
服务态度好，满意！,5,0.0,0.6867008805274963,0.31329914927482605
"带窗户的我选的是观景房     可是总感觉是两间房子中间带点植物就是观景房了  有人而且
      你品     你细品
    ",5,1.0,4.656702731153928e-05,0.9999533891677856
房间特别干净，前台服务好，很温馨，像回到自己家一样,5,1.0,3.008863131981343e-05,0.9999699592590332
极致的服务大致也就是如此吧，想我所想，给我所需，前台小美女的服务真的非常好，观察入微，以后来连还会选择这家！,5,1.0,1.8713730241870508e-05,0.9999812841415405
1612房间被隔壁的空调外机影响，噪音超级大，无法入睡。退房时一楼的工作人员竟然在打架，高峰期前台经常只有一位工作人员，等待时间过长。,5,0.0,0.9999531507492065,4.683732186094858e-05
"房间不紧张，升级了房间，这样做认真贴心。
房间很安静，点赞。
有免费健身房，适合常住客，也很贴心。
送了伴手礼，但是牛皮糖不太好吃，建议送点别的或者换一家供应商。
房间空调制冷效果不好，2020回到房间，等差不多洗完澡，房间才凉下来，不想有空调噪音，风改成了最小风，半夜是真的热醒了。",5,1.0,1.2769767636200413e-05,0.9999872446060181
服务特别好，值得推荐一下哦⊙?⊙！超级赞,5,1.0,3.128498065052554e-05,0.9999687671661377
酒店位置挺好的，停车是免费的，退房很快，不用等，还不收押金，住了这么多酒店，是我住过唯一一家不收押金的酒店，服务态度也很好,5,1.0,2.485085860826075e-05,0.9999752044677734
多次入住这家酒店，服务人员都很亲切，非常满意！,5,1.0,9.006171603687108e-05,0.9999098777770996
"电视机要是能投屏就好了
",5,0.0,0.9934364557266235,0.0065635149367153645
床品过敏,5,0.0,0.9997876286506653,0.00021237441978882998
就是差的要命！,5,0.0,0.9998970031738281,0.00010296249820385128
"提前选了房间，但是前台只安排了2口靠街道的一间房子，窗口似乎是封死的，想关闭无法关闭，只能忍受窗外的噪音，半夜大车一辆一辆经过，连住了两天，要被吵死了，入住体验极差！
",5,0.0,0.9999643564224243,3.5685232433024794e-05
前台服务跟客房服务都很热情，如沐春风。房间安排也很好，大窗户对着海，妥妥的海景房。房间设施齐全，洗衣机，冰箱，微波炉，电磁炉，油烟机一应俱全，感觉不是出差，而且回家了。酒店有游泳池跟健身房，住客可以免费使用。早餐也很丰盛，整体的体验感非常棒。,5,1.0,1.5377143427031115e-05,0.999984622001648
很好的服务，忘记了耳机在酒店，荣荣同学帮忙提醒联系并且寄到家里，很感谢。今年丢了三副耳机，只收到了这一次，谢谢。,5,1.0,3.9659080357523635e-05,0.9999603033065796
房间很干净，环境舒适，工作人员服务态度非常好！,5,1.0,0.021342448890209198,0.9786575436592102
位置方便，服务热情，早餐不错，就是房间有点小了,5,1.0,2.5501398340566084e-05,0.9999744892120361
服务非常热情，朋友非常满意，房间干净卫生，周边很方便，店长也很好，以后会经常选择,5,1.0,3.7734556826762855e-05,0.9999622106552124
服务很好，问什么都耐心解答，下次还选择这家,5,1.0,2.378018689341843e-05,0.9999762773513794
服务态度与卫生都很好！早餐很好！,5,1.0,0.00047456263564527035,0.9995254278182983
交通便利，生活方便,5,1.0,0.017100844532251358,0.9828991889953613
酒店服务很好，市中心。值得推荐的一家酒店。,5,1.0,0.0041472576558589935,0.9958527088165283
都很不错，就是房间小，不过也理解,5,1.0,3.179418126819655e-05,0.9999681711196899
环境特别好，楼下有小吃街。超级棒,5,1.0,0.00042468454921618104,0.9995753169059753
早餐时还能看到雪山金光。太美了！连住四天。,5,1.0,0.0016172949690371752,0.9983826875686646
服务好，房间干净整洁，前台的服务也很热情，九点提供的有打印机，还有各种小吃，非常好，哈哈哈，喜欢哦！,5,1.0,3.479322185739875e-05,0.9999651908874512
非常好，非常不错的体验,5,1.0,2.2306836399366148e-05,0.999977707862854
"酒店的服务设施很好，而且还很干净,我看到他们做清洁和消毒措施了,然后呢这个酒店的地理位置也非常的好,无论坐什么车都特别方便，打车也很快就到了,门口的话是一个公交站牌，叫牛街礼拜寺站。前台服务员人员特别热情，我订房的时候帮我讲解，讲解的，非常的清楚明白。客房服务员的人呐都特别的热情，和蔼可亲，而且干净卫生，很负责，任我住了- -天，临时有事儿就先走了，要不然的话我会在他家住很多天的，价格也很亲民加油看好你们",5,1.0,1.3463752111420035e-05,0.9999865293502808
服务好餐厅南大姐服务挺好的，菜品还是挺多的。,5,1.0,3.600834679673426e-05,0.9999639987945557
不错，房间配置挺好，马桶??还是自动加热，电视??超大，有电影院的感觉,5,1.0,4.447323954082094e-05,0.9999555349349976
经常住，房间很好，早餐好吃,5,1.0,0.000305235997075215,0.99969482421875
性价比好，五星标配,5,1.0,3.3516531402710825e-05,0.9999665021896362
停车方便，卫生好，服务好，以后常住这里。,5,1.0,0.0021784533746540546,0.997821569442749
服务好，房间干净整洁入住送矿泉水,5,1.0,0.0019130990840494633,0.9980869293212891
房间里面很干净舒服,5,1.0,0.07739575207233429,0.9226043224334717
房间非常大，客房阿姨非常热心！,5,1.0,5.556840915232897e-05,0.9999444484710693
交通方便，房间设施齐全，酒店有免费班车接送机场，酒店早餐丰富多彩。,5,0.0,0.9998900890350342,0.0001098458596970886
没有电梯，到房间距离长，,5,0.0,0.9999516010284424,4.8371603043051437e-05
整个人都痒的要命。就跟蚊子叮咬了一样。全身除了手和脸都是一块一块的。痒的要命。 跟服务员说了才来来换。还说很干净的。天天消毒的。换了被套床单后才不痒。,5,0.0,0.9999645948410034,3.5378172469791025e-05
卫生良好，服务到位，条件舒适，下次还会来的，谢了。,5,1.0,0.03210020437836647,0.9678998589515686
浴室淋浴头漏水，漏的满卫生间都是水，窗帘拉严实了还有光能透进来，洗手台香皂也没有，洗个袜子都洗不了,5,0.0,0.9996857643127441,0.0003143112116958946
入住离店都送了流量包 前台小姐姐也态度也非常好 客房面积偏小一点不过卫生很到位了 早餐也不错 性价比很高,5,1.0,1.3555068107962143e-05,0.9999864101409912
美中不足，网络很卡,5,0.0,0.9791406393051147,0.020859377458691597
唯一的缺点就是隔壁就是KTV，隔音很差。每天晚上都能听到KTV的声音，睡不着...,5,0.0,0.8198410868644714,0.18015891313552856
整体环境不错，店长人非常好，在住期间遇到问题都帮忙解决，挺感谢的，来沪首选，特别这家西藏北汉庭推荐。,5,1.0,3.0979805160313845e-05,0.9999690055847168
早餐不错 服务也不错 都特别热情好客,5,1.0,3.048698818020057e-05,0.999969482421875
有避孕套的包装壳在床头柜旁地下没打扫干净,5,0.0,0.9999605417251587,3.941543400287628e-05
小王服务热情 周边吃饭的地方多,5,1.0,4.027406976092607e-05,0.9999597072601318
附近是步行街，晚上有美景，挺好的，舒适温馨。,5,1.0,0.001275976886972785,0.9987240433692932
酒店离钟楼和回民街都很近，步行可达前台办理入住很快 很快捷大堂- -进去就有-股淡雅的清香特别的好闻从停车场负一楼坐电梯直接到大堂大堂有测体温的很放心前台备了消毒液还有还有消毒凝液还有口罩感觉非常的细心，等待区还有茶水糖果水果前台的服务员还专门帮我倒茶让我稍等服务非常的满意等了没多久就办理了入住一进房间就给我一种非常温馨的感觉装修风格我非常喜欢房间的暖气中央空调特别的暖和热水也特别的舒服床非常的大必需品也备的特别的足满意满意,5,1.0,1.3588189176516607e-05,0.9999864101409912
给丸子头小姐姐点个大大的赞,5,1.0,1.552561661810614e-05,0.9999845027923584
酒店不错，前台小王服务态度很好,5,1.0,0.000672812107950449,0.9993271827697754
特别棒的一家，不论是卫生还是服务。希望备一台脱水机,5,1.0,3.33357929775957e-05,0.9999666213989258
如果再配上全自动马桶就更完美了,5,1.0,0.0012869726633653045,0.9987130165100098
一个字。非常满意！下次还来,5,1.0,0.0005228546797297895,0.999477207660675
出差定的这家全季，前台服务很热情，耐心的跟我讲解附近吃饭逛街的商场，因为是疫情期间，酒店有提供免洗洗手液和消毒喷雾，很贴心，防护工作很好，房间很大，早上去吃早餐，有服务人员主动问我需不需要现煮的面条，很好，很贴心，下次来长春还要住这里,5,1.0,3.2941716199275106e-05,0.999967098236084
房间非常干净，昨晚上带着孩子来的，孩子很喜欢，尤其是有个机器人，可以送东西，挺方便的，而且电梯也有梯禁，非常不错哦，给个赞！,5,1.0,2.184228833357338e-05,0.9999781847000122
早上九点十二分还没有停餐，员工就穿着工装跑到餐厅打饭了，这管理也太混乱了吧？,5,0.0,0.9998817443847656,0.00011828960850834846
早餐丰富营养挺好的，停车也方便、服务也挺好,5,1.0,3.430556898820214e-05,0.9999656677246094
前台热心，服务到位,5,1.0,0.00018881312280427665,0.9998112320899963
"入住很久时间了，每次去上海都住这里，好评

",5,1.0,0.00013011280680075288,0.9998698234558105
房间卫生干净，前台服务很好，会推荐朋友入住,5,1.0,0.01102016307413578,0.9889798164367676
"很满意的这次出行，选了很久才选了这家酒店，真是不错，服务热情，房间格式我也很喜欢，卫生间也不错设备齐全，整个房间都消过毒，住这放心满意
很满意的这次出行，选了很久才选了这家酒店，真是不错，服务热情，房间格式我也很喜欢，卫生间也不错设备齐全，整个房间都消过毒，住这放心满意
15.?这里不仅环境好，卫生也比较干净，特别服务员每天给房间打扫的非常感觉，每天都很热情，给我感觉家一样的温暖，下次出差还会首选宜必思
 ",5,1.0,1.3588383808382787e-05,0.9999864101409912
特别好，前台小姐姐知道我们早上赶火车，吃不上早餐，还给拿了酸奶和面包在火车上吃，特别棒,5,1.0,2.689179018489085e-05,0.9999730587005615
酒店环境非常好，房间内有智能小度控制，卫生干净整洁，前台的小哥哥小姐姐服务超棒的，每次都会热心的打招呼，早餐种类也丰富，还有自助洗衣和健身房  真不错 以后出差必备的居住之地啦,5,1.0,3.5099121305393055e-05,0.9999649524688721
"前台服务态度好

",5,1.0,0.00019762037845794111,0.9998024106025696
酒店位置好，服务也不错，下次还会来的,5,1.0,0.007057594135403633,0.9929424524307251
环境好，服务好，早餐好，免费停车场推介入住！,5,1.0,0.0037124818190932274,0.99628746509552
不错，服务环境都不错,5,1.0,0.0011291351402178407,0.9988707900047302
非常好！下次会继续选择该酒店！,5,1.0,0.03139346092939377,0.9686065316200256
房间很好 前台服务热情 出行很方便！,5,1.0,0.00019072677241638303,0.9998093247413635
房间很好～前台帮升级了木光之城，艳艳服务很贴心，会再来哒,5,1.0,1.508450077380985e-05,0.999984860420227
这家早餐是我见过最好的  停车场也超级大  出差很方便,5,1.0,1.4738741811015643e-05,0.9999852180480957
服务热情周到，能帮助客人解决困难。,5,1.0,0.00016746149049140513,0.9998325109481812
一切都很好。,5,1.0,0.08782897889614105,0.9121710062026978
前台小凯服务热情，停车方便,5,1.0,2.6560663172858767e-05,0.9999734163284302
新开业的酒店，就在火车站对面，出行方便。环境不错，安静，干净，卫生。前台服务人员态度很好。点赞,5,1.0,6.934432894922793e-05,0.9999306201934814
这家酒店是我在华住会里搜到的，看着不错就来了，前台小姑娘们很热情的，还会帮助我订房间，夜间有保安值班，安全性很好！下次来还住这,5,1.0,1.8222883227281272e-05,0.9999817609786987
前台工作人员服务好,5,1.0,5.325800520949997e-05,0.9999467134475708
拖鞋只有一双 好尴尬呀,5,0.0,0.99921715259552,0.0007827738299965858
出差就首选这家，打车也会过来住，服务很好,5,1.0,3.490232120384462e-05,0.9999650716781616
前台服务热情，餐厅有特食猪油拌粉提供，退房的时候还赠送了矿泉水，特别周到，认定这家了！,5,1.0,1.938628156494815e-05,0.9999805688858032
大厅装修很新颖，前台服务特别好，热情，贴心、周到、有家的感觉，舒服，放松，暖心，贴心，非常推荐，酒店消毒防疫工作很到位，入住安心、放心、大厅采光特别好，环境舒适，下午茶好喝，鸡尾酒好喝，餐厅早餐丰富，口感很棒，服务员热情，布局合理，客房打扫的房间细致，卫生干净，毛巾干净，沙发舒适，配备的有免费矿泉水，热水好，空调很暖和，网络快，床睡着舒服，枕头舒适，睡的踏实，环境很好，停车方便，设施齐全，网络信号好，自助选房方便，洗衣服便利，健身房棒，特别喜欢这家店，周边吃的方便，真的特别好，超级棒！保安师傅服务热情，主动帮忙找车位，太贴心啦，非常喜欢，非常好，特别好，非常棒！超赞!,5,1.0,1.3073836271360051e-05,0.9999868869781494
服务态度很好，卫生干净，下次还住这里～～～,5,1.0,0.11886661499738693,0.8811333775520325
房间很好.,5,1.0,0.03227643668651581,0.967723548412323
前台姑娘小伙服务热情周到，因为预留房间的问题跟我耐心沟通了很久，让人感觉很暖心，非常感谢。服务员把房间打扫的干净卫生，让我惊喜的是还帮忙叠好了衣服，泡一杯正山小种，住在这样的房间里完全没有任何负重感。特别喜欢酒店的早餐丰盛可口，大厅布局简约大方，性价比高，值得推荐！！！,5,1.0,1.4903320334269665e-05,0.9999850988388062
"外观漂亮,大气,大厅干净,明亮,花茶好喝,暖心,前台漂亮,大方,美丽,服务热情,主动,很专业,房间很大，安静舒服,卫生很干净,床很舒服,落地窗很漂亮,水压很大,洗澡很舒服,网速快,办公很方便,停车场空间很大,放心,方便。
位置好,地铁口,优越,交通便利,出行方便,客房阿姨亲切,服务好,早餐品种多,面条好吃,分量足,好吃,美味。防疫工作到位,安全周到,好,很好,非常好,棒,很棒,非常棒!",5,1.0,2.1098110664752312e-05,0.9999788999557495
房间有点小，小度智能度一般,5,1.0,0.04336485639214516,0.9566351175308228
有免费停车场，这个很不错，车位也很充足，前台也比较热情，办理速度也很快，房间很干净，智能化，洗澡水很舒服，电视可以投屏，挺好的！早餐也很棒，可以煮馄饨，整体很棒，以后还来！,5,1.0,1.5144666576816235e-05,0.999984860420227
很好，很舒服，定的净享好礼，当时没有，承诺确定给邮寄！服务态度超好超好。点赞??,5,1.0,1.598348535480909e-05,0.9999840259552002
不错  前台接待服务好，早餐好吃。停车场也大,5,1.0,0.00037557369796559215,0.9996243715286255
交通方便。离地铁很近，服务很好，房间也OK。推荐,5,1.0,7.488170376745984e-05,0.9999251365661621
早餐吃了很多好吃,5,1.0,1.4899128473189194e-05,0.9999850988388062
一开始住的感觉还行，最近是越来越感觉不好了。房间遥控器不灵不管的，空调尘满了，也不管的。换过一次房间后，晚上10点50分跟前台说明情况，竟然想着还是给我换房。我难以理解。希望店长多关注下各方面的服务吧，感觉工作人员的培训都没有做到位。还有些其他问题不想讲了。,5,0.0,0.9999616146087646,3.83358565159142e-05
5楼刘姐，房间打扫干净整洁，服务态度很好,5,1.0,7.10611348040402e-05,0.9999289512634277
出行很方便 购物也很方便 店里还有免费的洗衣服务.,5,1.0,5.307796527631581e-05,0.9999469518661499
"房间很大卫生也很干净，服务很标准，早餐挺丰富的能吃好
",5,1.0,0.000160357027198188,0.9998396635055542
离地铁十号线很近，去南京路步行街很方便，旁边还有个美食街,5,1.0,4.2464038415346295e-05,0.9999575614929199
客服非常热情，就是房间小。,5,1.0,4.050857023685239e-05,0.9999594688415527
房间特别的干净，床整整齐齐，床垫软硬适中，躺上去非常的舒服，热水特别给力，出去玩一天，回来洗个热水澡，舒舒服服躺床上，很快就能入睡，特别好的体验,5,1.0,1.5378785974462517e-05,0.999984622001648
环境幽雅，卫生干净整洁,5,0.0,0.9527852535247803,0.04721474647521973
"一家超高性价比的酒店！！！
位置：在德思勤广场附近，吃喝玩乐一应俱全
环境：这家酒店最让人印象深刻的是卫生环境房间一尘不染
酒店大堂设计风格很棒很喜欢！
服务：前厅接待小姐姐，有一个小刘海，非常专业服务态度六星！还热情的为我安排升级了房型，这样的服务真的让人不得不喜欢
房间简约而不简单，床单睡着特别舒服，零压枕头，性价比超高的一家酒店价格也很实惠
五星的服务和环境 三星的价格以后来这边就选这家了希望这样良心的酒店越来越好！！！",5,1.0,1.2943895853823051e-05,0.999987006187439
房间真的太小太小太小了，行李都没地方放，衣服挂在书桌上，整个房间都转不开身。用餐地方是会对外的早班店，卫生也一般。。。这家店真是没谁了,5,0.0,0.9999707937240601,2.9194759918027557e-05
早餐很好吃！前台小姐姐服务态度很好，帮我免费升级了房型。很喜欢他们家，下次还选择全季。,5,1.0,2.286691051267553e-05,0.9999771118164062
非常喜欢这家全季 房间淡淡的原木风格是我喜欢的 服务态度很温馨  每次来都是非常热情  房间非常干净 看的出来是用心打扫了 网络办公很流畅 热水也很好 很暖和,5,1.0,4.015993545181118e-05,0.9999598264694214
卫生干净，房间床舒服，网速好，办公方便。,5,1.0,0.0004270193458069116,0.9995729327201843
房间很有特色，早餐丰富，前台小丽给升级的房型 ,5,1.0,1.8055454347631894e-05,0.9999819993972778
还不错，就是床垫太软了,5,1.0,0.0037519438192248344,0.9962480664253235
酒店楼下就有停车位，非常方便，房间干净，服务态度非常好，下次还来,5,1.0,0.00048221502220258117,0.9995177984237671
房间好服务好餐饮丰富,5,1.0,0.000397344003431499,0.999602735042572
前台工作人员态度非常满意,5,1.0,4.8130357754416764e-05,0.9999518394470215
酒店的洗手池漏水,5,0.0,0.9995619654655457,0.00043800444109365344
菏泽出差首选酒店，新装后舒适度更高了，10楼优佳版本值得体验！停车场新扩后停车方便了。为不断进步的银座店点赞。,5,1.0,1.9477123714750633e-05,0.9999805688858032
早餐蛋炒饭味道需要改善,5,0.0,0.9993898868560791,0.0006100734462961555
点赞??紫郡,5,1.0,0.0009225259418599308,0.9990774393081665
"前台很漂亮，态度非常好
",5,1.0,0.00020324434444773942,0.9997968077659607
酒店早餐吃一半大叔给灯关了 也不知道为什么如此省电 早餐蔬菜类太少 客房前台都很棒,5,1.0,1.1579039892239962e-05,0.9999884366989136
办理入住，前台小姐姐很气质，服务态度好，速度快，还送了暖心糖?? ，客房大姐热情问好，很舒心，带着孩子入住，机器人送了儿童拖鞋，还有牙刷，牙膏，护发素，很满意，很喜欢，超级大爱这家店。酒店设施好，隔音效果好 ，网速好 ，早餐好，非常丰富，有面包，牛奶，鸡蛋，豆浆，油条，水果，炒菜，凉菜，还有面条，和混沌，特别丰富，前台服务态度好 ，房间卫生干净 ，房间消毒防疫工作也很到位不错，很放心 ，房间采光不错，暖气很暖和很好，零压床非常舒服干净整洁很好，热情周到不错，感受到了归家的感觉挺好，强烈推荐入住真心好。酒店真的好，很好，非常好，前台比较热情，客房大姐像家人一样，水果比较甜，花特别香，早餐丰盛。,5,1.0,1.4726126210007351e-05,0.9999852180480957
前台服务好，早餐好吃，卫生也很干净,5,1.0,0.00044830451952293515,0.9995517134666443
非常棒的一家酒店，每次出差都住他们家，房间干净整洁卫生，停车也方便，前台服务很好，还会再来,5,1.0,1.902989788504783e-05,0.9999809265136719
张阳阳，热情服务，谢谢啦！,5,1.0,0.21955136954784393,0.7804486155509949
马桶下水道有味道,5,0.0,0.9992716908454895,0.0007282800506800413
这里有住家的可口饭菜，这里有温馨归家的环境，还有那周到齐全的全天候服务，如果有机会，我还会来这里。,5,1.0,3.0087714549154043e-05,0.9999699592590332
酒店位置比较安静，早餐也丰富方便，有停车的地方，服务台还有小食品供顾客品尝，挺周到的。,5,1.0,6.0509169998113066e-05,0.9999394416809082
小雪服务很热情，办理入住很快，笑脸相迎，房间很干净，早餐自助的，种类很多，特别好，推荐,5,1.0,2.9234017347334884e-05,0.9999707937240601
便宜，服务好，下次还来,5,1.0,0.00036708408151753247,0.9996329545974731
美美的服务很到位态度一流,5,1.0,6.214980385266244e-05,0.999937891960144
前台虫虫很漂亮，服务很好。????,5,1.0,1.767371031746734e-05,0.9999823570251465
这家酒店非常的干净卫生，很整洁，房间内没有杂音，服务态度很好，配套的设施性价比很高，很满意的一家酒店非常不错??,5,1.0,8.428014552919194e-05,0.9999157190322876
首先有一点洗脸时候没看见香皂或者洁面的，我建议还是可以提供一个香皂洗脸，像我这种脸很油的偶尔出差不带洗面奶的，感觉有个香皂洗脸还是体验感大大提升的。不过两百多块算得上性价比了，还是很不错的！带早餐这点确认很让我意外，我住过差不多俩百左右的酒店还说有早餐，像在昆明我住过的一般五百块以上才有早餐。真心性价比很高了，房间很干净很舒适，好评了！,5,1.0,1.8092199752572924e-05,0.9999818801879883
非常好。 干净整洁,5,1.0,0.052794404327869415,0.9472056031227112
服务真的不敢恭维，全季大连机场店很舒服，到西安后，真的一言难尽！以后不太会选了！很失望,5,0.0,0.9999512434005737,4.876413004240021e-05
出边经常住他家，去哪都方便，感觉不错。,5,1.0,2.040877370745875e-05,0.9999796152114868
床单每天只是帮忙叠，不说换了连拍都不拍一下...早餐偶尔会吃到不新鲜的食材,5,0.0,0.9999569654464722,4.2979070713045076e-05
非常感谢清扫保洁人员的优质服务,5,1.0,0.00034612228046171367,0.9996539354324341
"李茹服务很贴心，应该表扬并加薪！

",5,1.0,7.889352855272591e-05,0.9999210834503174
房间安静舒适，很好的入住体验。,5,1.0,0.00019465717195998877,0.9998053908348083
第一次来重庆 体验很不错 酒店位置就在解放碑步行街里面，离解放碑很近，周边也很方便，好吃的好玩的还有地铁站机场大巴都有 很方便  有机会还会来入住 ,5,1.0,2.5885939976433292e-05,0.9999741315841675
房间非常暖和 热水非常热,5,0.0,0.9977250695228577,0.0022749819327145815
前台小哥哥热情，早餐非常棒，客房打扫房间很干净,5,1.0,2.6257890567649156e-05,0.9999737739562988
电视机没有点播差点意思,5,0.0,0.9999250173568726,7.49287792132236e-05
早餐不错，挺好吃的，服务也挺好的,5,1.0,0.0002732002467382699,0.9997268319129944
房间棒棒哒,5,1.0,9.474805119680241e-05,0.9999052286148071
态度和蔼、热情，感觉很好！,5,1.0,0.228949636220932,0.7710503935813904
"提前挺久预定的房间，入住当天下午近五点，接到前台电话，被告知需要更换房间。
这倒无所谓，换房的时候，询问铂金会员的果盘和安睡牛奶问题，前台告知十点前到达只有果盘，没有牛奶。
我说只有水果可以，我大概七八点到达。遂登机，落地后到酒店，什么都没有！！前台告知说厨房下班了。说第二天给我补上牛奶和果盘。
然后说好的牛奶，次日送上的是酸奶？",5,0.0,0.9999544620513916,4.557115607894957e-05
房间干净整洁..住过的人都说好，离地铁和医院特别近，赞,5,1.0,4.974882540409453e-05,0.9999502897262573
房间还不错，服务热情，咖啡也还不错,5,1.0,0.0025500899646431208,0.9974499344825745
酒店环境很好，大堂进门很宽敞，前台服务热情，,5,1.0,0.011041439138352871,0.9889585971832275
房间布局很好都是自动化，服务周到贴心，性价比超高，下来还住这,5,1.0,1.4903306691849139e-05,0.9999850988388062
前台丁丁服务好，环境好，早饭好，客房服务周到，值得推荐。,5,1.0,2.5551256840117276e-05,0.9999744892120361
被子很潮，睡着不舒服，东西放在房间里退房回来找也说没有，确定是在房间里,5,0.0,0.9999406337738037,5.941198833170347e-05
前台服务特别棒，早餐好吃房间干净，推荐,5,1.0,0.0001544049009680748,0.9998456239700317
服务好，早餐好环境好，卫生好。,5,1.0,0.00046758807729929686,0.9995324611663818
价格为啥提高了？！,5,0.0,0.9971000552177429,0.0028998893685638905
特别好 早餐好吃 小迪服务热情,5,1.0,1.777648321876768e-05,0.9999822378158569
房间很不错前台小花服务态度很好,5,1.0,0.00018031867512036115,0.9998196959495544
入住很舒服 房间打扰也很好,5,1.0,0.00011978255497524515,0.9998801946640015
"定的是净享好礼的价格，但是住店之后店里也没有给好礼啊！后续的电话汉庭客服沟通也没有回音，
感觉不好",5,0.0,0.9999508857727051,4.9053160182666034e-05
酒店环境整洁，房间布局完美，服务周到，让人无比舒心，给人营造一种家的感觉，价格很合理。,5,1.0,3.037161150132306e-05,0.9999696016311646
环境好，卫生也挺好，前台服务非常热情，机器人送餐很方便,5,1.0,0.0003451899974606931,0.9996547698974609
标间居然没有外窗  所有标间都没有  前台服务还特别差  住过的汉庭里最差的  。。,5,0.0,0.9999667406082153,3.331246625748463e-05
服务超级好，干净卫生，早餐也好！,5,1.0,0.0008107260800898075,0.9991893172264099
酒店三餐都很棒，味道都特别好，大家路过的可以过来品尝哦,5,1.0,2.4335213311132975e-05,0.9999756813049316
服务一般，前台服务需要提升。特别是沟通技巧,5,0.0,0.5506946444511414,0.4493054151535034
很好，服务好，卫生佳，价格优,5,1.0,0.001762191765010357,0.9982378482818604
早餐种类丰富  味道好  房间很干净  舒适  服务态度也很好   热情  很棒的酒店 ,5,1.0,0.0006983993807807565,0.999301552772522
一直都在这家住，很温馨，跟家人一样。早餐也很好吃。,5,1.0,3.308527811896056e-05,0.9999668598175049
不错，希望再接再厉,5,0.0,0.9273379445075989,0.0726621225476265
一分价钱一分货吧,5,0.0,0.9889107942581177,0.01108921505510807
离外滩很近，非常方便,5,1.0,0.002202502219006419,0.9977974891662598
房间很好   服务态度很好,5,0.0,0.6096518039703369,0.3903481066226959
被子有脚臭味道。,5,0.0,0.9998674392700195,0.0001324845216004178
酒店前台服务很好，热情周到，入住的时候会有免费的饮品，小吃，还多送了两瓶水，装修也很新颖很棒，房间电视大，很清晰，床睡起来特别舒服，被子也很舒适，说是所有房间都有零压床垫，这个真的时候非常棒，早餐种类也很丰富，营养搭配的很好，地理位置方便，去逛街，去公司都很近，出门交通也很便利，推荐入住,5,1.0,3.595687303459272e-05,0.9999639987945557
好，非常好，特别好，就是一个字好,5,1.0,0.00019364328181836754,0.9998063445091248
停车场大方便停车，位置优越，交通便利门口就有公交站台，出行方便，酒店外观漂亮，高端，大气，上档次，设施也好，大堂装修时尚有特色，布局合理，菊花茶很好喝，适合这个天气，暖心，洗衣房很好，方便了我们这些经常出差的客人，还可以烘干，棒。前台漂亮又专业，服务热情又主动，效率高又快，客房阿姨和蔼，可亲，服务好，动作麻利，早餐丰富又美味，还自制小混沌，真的用心了，口味好，分量足，好吃，防疫工作安全又周到，好，很好，棒，给你们点赞！,5,1.0,1.385305768053513e-05,0.9999861717224121
早餐丰富，前台的果茶好喝，房间很干净，服务也很好，满意！,5,1.0,0.00011136068496853113,0.9998886585235596
服务好卫生干净，挺不错的,5,1.0,0.01467237900942564,0.9853276014328003
酒店位置好，房间干净卫生，服务好，热情，早餐好吃，前台的小冯服务好,5,1.0,0.00011536995589267462,0.9998846054077148
感谢小哥哥小姐姐们…帮忙干洗我的衣服，服务很棒，入住过这么多酒店还是这家舒心，房间干净，还有健身房，洗衣房非常方便,5,1.0,1.4453660696744919e-05,0.9999855756759644
没有停车场，就是在路边停。感觉大同交通管制不太好的样子。路边都是车，总是需要挪车。,5,0.0,0.9997202754020691,0.00027971609961241484
酒店服务非常热情，房间干净卫生，早餐美味可口，酒店环境优雅，设备设施完好，交通便利，网络流畅给力，床单被子清洁卫生，洗热水澡舒服，电视节目丰富，隔音效果很好，房间香芬味道很好闻。空调温度舒适宜人。,5,1.0,4.745709884446114e-05,0.9999525547027588
"不错 不错 以后常来 经常入住 
提个小建议啊 这房间的被子为什么不换稍微薄点的呢 整个夏天都是这样 当然被子质量很好",5,1.0,0.00022787050693295896,0.9997721314430237
酒店位置好，在地铁口比较近，坐地铁非常方便，装修风格很独特，卫生特别干净 客房服务员人也特别好，前台服务非常热情，周围交通方便，离黄河也不远，没事可以出去转转，总体感觉非常不错 ,5,1.0,4.9009162466973066e-05,0.9999510049819946
酒店设施不错，早餐挺好的，停车也方便推荐,5,1.0,0.00018925669428426772,0.9998107552528381
李梅经理 态度热情，服务周到！想顾客所想！属于泰山下的一座标杆！五星好评！??????,5,1.0,2.377531200181693e-05,0.9999762773513794
酒店房间太挤,5,0.0,0.9999097585678101,9.029210195876658e-05
经常来这家住，前台服务很好。美中不足就是网络太慢了。,5,1.0,2.1510000806301832e-05,0.9999785423278809
前台小李很热心帮助,5,1.0,7.491956057492644e-05,0.9999250173568726
经常出差住的酒店非常多，首次来泗洪入住全季，刚进大厅淡淡的茶香味，心情立马就放松了，特别是早餐时候，要表扬一下张珍珍小姐姐，我是南方人爱吃甜食，早餐有面条馄炖，我顺口问了一下有汤圆吗？她笑眯眯的说稍等，不一会就给我端来一碗汤圆，瞬间太感动了，出门在外能遇到这样的酒店这样的服务真的很幸运，以后出差到泗洪就住你们家。,5,1.0,1.3202688023739029e-05,0.9999867677688599
前台小哥哥和小姐姐太太太热情了,5,1.0,1.5682517187087797e-05,0.9999842643737793
笑傲惨好。热情。干净,5,1.0,0.023507293313741684,0.9764926433563232
出行很方便，住的很舒服。,5,1.0,0.0052596451714634895,0.9947404265403748
周边都是饭店,5,0.0,0.9999353885650635,6.465778278652579e-05
出行岳麓山，湖大，湖师，橘子洲及周边吃饭都很方便2077长沙小吃一条街就在对面，街面餐馆也很多，最合适旅游吃货的住处！下次还来住！住这里保证你不会后悔！也没有其他的不足！,5,1.0,1.562683428346645e-05,0.9999843835830688
挺好的，干净整洁。就是想问问我的入住积分为啥还没到账？,5,0.0,0.8141550421714783,0.18584498763084412
前台态度恶劣爱答不理的样子。要出示健康码跟我们说两个健康码看一下，我们住客叫两个？我们是东西不是人吗？看完证件告诉我们现在没有空余的房间了，前台突然我们吃午饭了没有，问的我们很莫名其妙，回答没有后让我们出去吃饭吧现在没客房，没有解释？我们表示可以等一等，但是前台喊我们叫诶？我不强行要求一定要说敬语，但起码你我他这种人称代词上过学都会说吧？喊我们叫诶，过来。我家人站的远前台指着人喊诶。跟其他客人推销金卡告诉别人有免费咖啡，也没告诉我们酒店有什么设施和服务，还是客房清洁告诉我们有夜宵等服务。家里老人听不清前台说话想再问一下就不搭理我们了？从来没有见过这么没有礼貌的工作人员！,5,0.0,0.9999586343765259,4.138509393669665e-05
房间很大，卫生打扫的也很干净，前台服务很热情，尤其是前台小李业务很专业，每次看到她他都很热情！下次还会继续入住??,5,1.0,5.378031710279174e-05,0.9999462366104126
房间大，非常温馨,5,1.0,6.717341602779925e-05,0.9999327659606934
到的有点早前台给我寄存了行李 也按我的要求留了房间 让在外玩累了的我们得到了很好的休息 前台几个小姑娘都特别好 住得很开心 早餐也很棒 几乎每次来杭城必住这里 下次还来哈哈,5,1.0,1.4566158824891318e-05,0.9999854564666748
住的很安心，进店就扫码，测量体温，交通也很便利，距离地铁5号线只有几百米，离二七万达也很近，房间内的设施也很好，空调也不错，送哟免费的矿泉水，咖啡，还有茶叶，采光也很好，可放大姐和蔼可亲，见面就问好，服务很到位，房间卫生也很好，酒店温馨，床很舒服，干净，安全，放心，免费的停车场，洗衣房也很方便，前台服务很贴心，早餐很丰盛，入住体验非常棒，值得推荐，赞。,5,1.0,1.9503662770148367e-05,0.9999804496765137
隔壁在装修，早晨很要就被吵醒，房间里的矿泉水竟然有一瓶是已开启状态，协调了前台帮忙更换，但还是要批评一下,5,0.0,0.9998657703399658,0.00013421445328276604
无其他,5,0.0,0.9996469020843506,0.000353095936588943
入住体验很好。服务态度很棒，早餐丰盛，下次还会来入住的，离店还送我了一瓶水，让我路上喝,5,1.0,3.346307130414061e-05,0.9999665021896362
前台小张服务态度特别好，真的是长的帅服务态度还好，非常满意，推荐推荐！,5,1.0,2.554158345446922e-05,0.9999744892120361
酒店很棒，服务很好，卫生干净,5,0.0,0.5361106395721436,0.46388930082321167
服务很棒 房间很干净,5,1.0,0.007261313498020172,0.992738664150238
服务真的很棒滴，入住时候有需要还送了防疫暖心包，让在外的我感受到了家的温暖，简直受宠若惊，还有自助免费早餐，早餐味道也不错，餐厅大姐还推荐了星程特色面条，最后吃的饱饱的，哈哈哈哈，果断的升级了会员，值得一提的是卫生，打扫的非常用心，房间干净，整洁，无异味，地毯干净，厕所干净，一级棒，房间装修不错，设施齐全，浴缸很大，体验超棒，非常人性化，很喜欢，值得推荐，				,5,1.0,1.2755259376717731e-05,0.9999872446060181
服务温馨，设施一般。,5,0.0,0.9785051345825195,0.021494919434189796
很好的服务与环境,5,1.0,0.0027604876086115837,0.9972394704818726
每周必住 干净智能 早餐也不差,5,1.0,3.163376823067665e-05,0.999968409538269
酒店环境很好，工作人员都很nice~ ,5,1.0,0.021998995915055275,0.9780009984970093
服务环境什么的都挺好,5,1.0,0.003222692757844925,0.996777355670929
环境很不错，干净又卫生，服务员都很有礼貌！,5,1.0,0.17458575963974,0.82541424036026
房间干净整洁，服务热情。交通也方便出门就有公交车站。,5,1.0,0.0015801190165802836,0.9984198808670044
每次出差都住在这边，光谷步行街店，最主要的是接待的那个小姐姐相貌惊人，尤其笑起来很好看，不为住店，只为见她一面，博他一笑！,5,1.0,2.058082645817194e-05,0.9999793767929077
江景 赞！！！,5,1.0,1.6999018043861724e-05,0.9999829530715942
酒店卫生很干净，行李多还帮忙拿行李，服务很好,5,1.0,0.004519199952483177,0.9954807758331299
酒店早餐很好，服务很好，一直住他们家，值的推荐！,5,1.0,3.751371696125716e-05,0.9999624490737915
所住房间靠近高架桥，晚上过车声音有点大~,5,0.0,0.9584924578666687,0.041507601737976074
热水温度太高 洗澡体验非常差 酒店没专业人员去管理这块 请问这样的热水温度设置要多耗多少电知道吗  体验差还浪费电,5,0.0,0.9999611377716064,3.885274054482579e-05
房间小，价格贵，服务还不好！,5,0.0,0.9999749660491943,2.506423152226489e-05
"服务很好，很满意
",5,1.0,0.1461169272661209,0.8538830876350403
服务好！前台施奇服务热情！负责任！非常棒！满意！很满意！特别满意！性价比高！值得入住！很GOOD！NICE！很NICE！相当NICE！十分NICE！GOOD！非常GOOD！好！好好！好好好！很好！特别好！非常好！赞！很赞！非常满意！喜欢！很喜欢！特别喜欢！非常喜欢！推荐！很推荐！非常推荐！满分！特别赞！非常赞！棒！很棒！特别棒！旁边是地铁站！交通便利！房间采光好！干净！卫生！暖和！宽敞！环境好！装修风格喜欢！安静！点赞！电视大！网络好！热水好！水压好！空调好！拖鞋好！床好！枕头好！一次性用品好！毛巾舒适！浴巾舒适！睡的好！早餐好！面条好！味道好！免费咖啡！免费停车！有小吃！有超市！有饭店！,5,1.0,2.3447197236237116e-05,0.9999765157699585
房间干净卫生，前台服务特别好，热情，亲切。,5,1.0,0.0005362444208003581,0.9994637370109558
房间干净，服务热情，整体都很不错，值得推荐！～～,5,1.0,0.000533892831299454,0.9994661211967468
总体一般。,5,0.0,0.999944806098938,5.523904474102892e-05
"自助停车场空间大，放心，给力。位置好，优越，交通便利，出行方便。酒店外观漂亮，高端，大气，上档次，大厅装修有特色，布局合理。茉莉花茶好喝，暖心。前台漂亮，大方，美丽，服务热情，主动。房间空间大，安静舒适，卫生很干净，床舒服，水压大，洗澡舒服，网速快，办公方便。好，良好，很好，非常好，棒，很棒，非常棒，赞，点赞，大大给赞，强力推荐! 客房阿姨亲切，服务好。早餐品种多，面条有特色，口味好，分量足，好吃，美味。防疫工作到位安全周到。
",5,1.0,1.4279060451372061e-05,0.9999856948852539
有免费的停车场，交通便利，前台服务很热情，赞。,5,1.0,2.6035251721623354e-05,0.9999740123748779
房间太小了，没有酒店停车场不方便,5,0.0,0.9995641112327576,0.0004358953738119453
退房送了小礼品，很贴心，体验好，专业，房间空间大，采光好，明亮，设施齐全，安静舒适，卫生很干净，细节到位，棒，床舒服，床垫舒适，水压大，出水快，水温好，洗澡舒服，网速快，办公方便。停车场空间大，放心，给力。位置好，优越，良好，位置优越，交通便利，出行方便。酒店外观漂亮，高端，设施好，上档次，大厅装修有特色，大气，布局合理。糖果很好吃，口味佳，暖心。洗衣机很好，很棒，设施齐全，使用方便，干净卫生。前台漂亮，优秀，大方，美丽，服务热情，主动，赞！效率快，高效。客房阿姨和蔼，非常棒，亲切，服务好，动作麻利。早餐好，早餐品种多，很赞！面条有特色，口味好，分量足，好吃，美味。防疫工作安全周到，好，很好！,5,1.0,1.87685654964298e-05,0.9999812841415405
前台服务好，早餐好，房间又大又干净，客房阿姨服务好,5,1.0,7.244585867738351e-05,0.9999275207519531
这么多年住过全季酒店最糟糕的 一个房卡给了三次才拿到正确的房间号 差一点点打拢到小情侣的空间 前厅电话一直打不通，扛着行李上上下下三次 人又累 试想是什么感受 深更半夜四楼客房还起火，警报响个不停 消防车也来了 一个晚上没法睡，我彻底服了 逃生通道卫生像个垃圾场一样。?牛粪表面光光,5,0.0,0.9999712705612183,2.8743166694766842e-05
"3，4号入职的员工服务态度都挺好，就5号晚上小姑娘不行！这是条对5号晚上的评价。为什么放到这一天的订单评价，因为我还在入住，订单还在继续， 没有办i法评论。太气了，我10点多反馈的烧水壶坏了，现在是凌晨12:21，还没有送新的过来。因为3，4号是大床，5号大床满房，我只能定了双床。赶着出门玩，所以一早更换了房间，就外出了。晚上从迪士尼回来已经10点多，才发现烧水壶不好用，反馈再拿一个新的，我等到现在，凌晨12:23还没有送过来！
中途下去催，前台极其不耐烦，让我回房间等，现在还没有送。
大晚上的到底送不送了？",5,0.0,0.9998804330825806,0.00011960485426243395
烧水插座难找，离得远,5,0.0,0.9992080330848694,0.000792036356870085
房间很干净，通风很好，浴巾毛巾都是雪白的，很干净，酒店免查房0秒退房很快节省了很多时间，很方便，还有免费停车位，房间都配有一次性牙膏牙刷很方便的，房间窗户很大光线很好，无线跟电视也很好用，房间装潢的简单现代很舒适，大堂很敞亮，网络真的比其他家快很多，很给力，浴室喷头喷的水很足很大，水温也很稳，值得推荐！ 很好，前台很热情，房间很干净，床单洁白，电视台很多，还有浴巾，讲究，无线网络也快，停车方便，车位充足。  地理位置优越，去火车站很方便，房间很干净舒适，床单被罩都是新的，wifi也很好，看电影也不卡，空调制冷也很好洗浴设施也很全，洗发水很香，前台接待员也很热情，早餐也很好非常丰盛。,5,1.0,1.344109568890417e-05,0.9999865293502808
服务很好，房间干净整洁！就是边上有施工略吵。,5,1.0,3.462352105998434e-05,0.9999654293060303
干净整洁，地理位置也不错，服务也很好。,5,1.0,0.079384945333004,0.9206150770187378
服务很好，办理入住的时候前台给到了一杯花茶很不错很好喝，停车方便有地下停车场，房间干净整洁，大厅给人一种很气派的感觉 ，距离万达很近，吃饭什么的都挺方便的，离高铁站很近 ,5,1.0,0.000289145449642092,0.9997108578681946
酒店电梯噪音太大 需要整修，早餐一般吧,5,0.0,0.999954104423523,4.588022784446366e-05
服务好 设施好 环境优,5,1.0,0.05621447041630745,0.9437854886054993
很好安静！,5,1.0,0.005459316540509462,0.9945407509803772
酒店服务很好，卫生干净，很舒适，环境安静，很适合休息,5,1.0,0.025803081691265106,0.9741969108581543
设施比较齐全，早餐也很ok,5,1.0,2.0660116206272505e-05,0.9999793767929077
服务一如既往的好，周边交通餐饮也方便，唯一不足就是窗户有点小,5,1.0,0.0001059337446349673,0.9998940229415894
很满意的一次住宿，早餐丰盛，前台服务热情，房间里很干净，机器人送外卖很方便，无线信号强，以后就在这家常住了,5,1.0,8.241900650318712e-05,0.9999176263809204
位置好，设施齐全，不错，一直选择这里,5,1.0,0.0006094809505157173,0.9993904829025269
还挺喜欢这种精装修的连锁品牌，酒店各方面都不错，尤其前台服务值得称赞，有耐心又周到，满意满意。环境也干净,5,1.0,4.634260039892979e-05,0.9999536275863647
走了很多地方酒店，这家真心不错！酒店管理首先就是服务，这里的员工看到客人都是笑脸相迎，您好！中午好！晚上好！像是回到家的感觉，交通也是比较方便的，出门就是有公交车站，房间卫生超级干净. 强烈推荐！,5,1.0,1.3544524335884489e-05,0.9999864101409912
停车方便，有免费的停车场，房间干净，舒适。,5,1.0,0.003043635981157422,0.9969563484191895
房间不错，前台小哥也服务热情，推荐推荐推荐！,5,1.0,9.567211236571893e-05,0.9999042749404907
很好，周围安静，离公交站也不远。,5,1.0,0.07166339457035065,0.9283365607261658
这里买东西都很方便，前台小姐姐很有礼貌，说话也很温柔，有问题第一时间解决了。值得推荐。,5,1.0,0.0007122736424207687,0.9992877840995789
服务很好，位置不错。,5,0.0,0.9840916991233826,0.015908364206552505
挺好，服务也热情，早餐也不错,5,1.0,0.002177954651415348,0.9978220462799072
干净卫生，服务也好。,5,0.0,0.8771328926086426,0.12286712974309921
很适合出差游玩住宿，感觉回家家里的感觉，前台服务热情，有耐心，早餐品种齐全，点赞。,5,1.0,2.108970147673972e-05,0.9999788999557495
价格便宜，有点陈旧,5,0.0,0.999549925327301,0.00044999306555837393
服务好，卫生好，早餐好吃，位置也方便，，下次还过來温柔，帅气。办理入住快捷,5,1.0,0.00017722930351737887,0.9998227953910828
早餐好 粥也不错 服务好,5,1.0,5.035269714426249e-05,0.9999496936798096
酒店环境不错，服务热情,5,1.0,0.1540292203426361,0.8459707498550415
前台服务态度很不错，房间很大，很干净，床很软。早餐种类齐全，味道也不错。以后出差都会选择全季。大赞,5,1.0,1.9640028767753392e-05,0.9999803304672241
空调系统总是故障,5,0.0,0.9992169141769409,0.0007830323302187026
隔音不是很好，其他蛮好的。,5,1.0,0.00021423003636300564,0.999785840511322
房间很大，很干净，工作人员很热情，下次还会入住。,5,1.0,0.0003223701205570251,0.9996776580810547
前台路路服务热情，特别好，我们提出的要求都尽量满足，做不到的，也会帮我们想别的办法解决，入住的时候赠送了果盘和早餐特别贴心。必须好评。,5,1.0,2.4670125640113838e-05,0.999975323677063
入住感受特别好，推荐,5,1.0,3.650780854513869e-05,0.9999635219573975
酒店位置安静，有停车场比较方便，大堂装修很好还有书可以看看,5,1.0,0.018193775787949562,0.9818061590194702
很好，地理位置很好，去五金城超级方便,5,1.0,0.002022001426666975,0.9979780316352844
感谢李同学的服务，谢谢,5,1.0,6.42281593172811e-05,0.9999357461929321
服务很热情，环境很好，周围子玩的地方也多，值得推荐,5,1.0,0.0021703990641981363,0.9978296160697937
设施很好，早餐也不错，立体停车时间比较长,5,1.0,6.36639742879197e-05,0.9999363422393799
那些日日夜夜里，其实每一个人的心态于状态，还一天的心情都在你们身上，因为刚进看内部环境呗 所以 环境带来每一个人都带不一样的快乐,5,1.0,3.5918048524763435e-05,0.9999641180038452
估计再也不会来了 每次都是大大小小的问题，没有一次是完全顺利的住,5,0.0,0.9999576807022095,4.227663157507777e-05
服务态度非常好，干净，房间明亮，机器人送餐,5,1.0,9.949739614967257e-05,0.9999004602432251
大堂装修不错，看上去不错。但房间在细节上可以更好一点。如窗帘，床架，用品。,5,1.0,0.0031538158655166626,0.9968461394309998
房间干净，整体入住很舒服，服务热情，酒店位置很好，隔条马路就是南长街，一进到大厅就有股淡淡的茶香味，沁人心脾，房间干净整洁，前台小姐姐和客房阿姨服务热情周到，酒店有专门的地下停车场，非常方便！办理入住非常快，酒店疫情期间安全措施非常到位，给我们这些出差过来的客人充足的安全保障。房间很舒服，打扫的很干净，正山小种很好喝，白牡丹非常棒。装修简约大气，大厅有商务区可供休息，还有柠檬水和咖啡提供，总的来说是一次很愉快的入住体验，非常棒！,5,1.0,2.4887760446290486e-05,0.9999750852584839
很nice的已经酒店，很容易找到，门口有停车场，公交站也很近，交通较方便。自动门很灵敏，保安热情，大堂明亮，地面干净，很暖和。装修好看，前台热情，微笑服务好，服务周到，主动帮助拿行李赞，宾至如归的感觉。自助入住很方便！自助电脑方便，沙发柔软，茶具干净，咖啡好喝，糖果自取很赞。电梯速度快，私密性好，香氛味道好，走廊干净，通风很好，照明舒适。景观别致，地毯干净，标识明显。无线网很快，插座多超赞。房间大，窗户明亮，采光好，地面干净，很安静，装修风格好，穿衣镜无比赞，房间布局合理，超级赞。烧水速度快，茶好喝，水杯干净，茶具好看，书桌很大，电动窗帘赞。电视很大赞，吹风机好用，纸很柔软。床很大,5,1.0,1.3197111002227757e-05,0.9999867677688599
酒店隔音太差了，隔壁夫妻恩爱声音巨高，清大八早就给喊醒了。,5,0.0,0.999962329864502,3.763515269383788e-05
胡真霞服务真捧！,5,0.0,0.9998586177825928,0.00014137642574496567
酒店非常好很喜欢,5,1.0,0.007148722652345896,0.9928512573242188
服务好，卫生好，房间干净，早餐好丰盛,5,1.0,0.0009517889702692628,0.9990481734275818
老顾客了，一直住他家。这次来挺惊喜的，虽然大厅正装修比较难看，但是房间已经装修好了，非常好看，时尚舒适！满意！,5,1.0,2.0123070498812012e-05,0.9999798536300659
早餐丰富，服务周到，,5,1.0,3.149110125377774e-05,0.9999685287475586
网络不咋地,5,0.0,0.9999545812606812,4.539808287518099e-05
前台小姐姐服务热情，都很漂亮，办理入住的时候还给身份证套上了身份证套，房间干净整洁，房嫂服务热情，早餐丰盛，手抓饼很好吃，蔬菜饼也好吃，水饺口味很好，值得推荐,5,1.0,1.59803603310138e-05,0.9999840259552002
包莲香服务很棒,5,1.0,0.00012782131670974195,0.9998722076416016
太贵了，比平时贵2倍,5,0.0,0.9999614953994751,3.8548929296666756e-05
525房间外面什么机器哄哄的响,5,0.0,0.9995338916778564,0.0004661677230615169
很不错，房间环境和早餐都很棒,5,1.0,0.00017163780285045505,0.9998283386230469
非常舒服，房间干净，很喜欢,5,1.0,0.12786440551280975,0.872135579586029
转机绝佳,5,1.0,0.007964839227497578,0.9920352101325989
很好！！！！！,5,1.0,0.0012857253896072507,0.9987143278121948
1、入住的房间有点小，感觉有些压抑，但是整体服务的态度还是不错的；2、向前台反映衣柜和床头柜有甲醛的味道，立马安排上空气净化器，这一点用心了；3、位置好，酒店旁边就是独墅湖，风景优美，靠近月亮湾地铁站交通方便；4、早餐配稀饭的素菜和小菜种类一般，希望后期改进！,5,1.0,1.3037058124609757e-05,0.999987006187439
完美，全季酒店很好，无论是前台服务和还是房间，都挺好的，进入大堂，就有问好声，还送了我一瓶水，在楼道见到客房大姐都会打声招呼的，很温馨，赞赞赞，还有早餐品种多，味道美味，推荐,5,1.0,1.3360187949729152e-05,0.9999866485595703
"房间空间大，安静舒适，卫生很干净，床舒服，水压大,洗澡舒服，网速快，办公方便。卫生整洁，干净，放心，给力。位置好，优越，地铁附近，交通便利，出行方便。酒店外观漂亮，高端，大气，上档次，大厅装修有特色，布局合理。茉莉花茶好喝，暖心。前台漂亮，大方, 美丽，服务热情，主动。客房阿姨亲切， 服务好。早餐品种多，高点好吃，沙拉也很好吃，早餐粥很香，口味好，分量足，好吃，美味。防疫工作到位安全周到。好，良好，很好，非常好,棒,很棒,非常棒，赞，点赞，大大给赞，强力推荐!",5,1.0,1.555920061946381e-05,0.9999843835830688
正装修有点乱总体不错！,5,1.0,0.00046452865353785455,0.9995354413986206
有肯德基早点 服务态度很好,5,1.0,0.00029327801894396544,0.9997066855430603
酒店很干净，给个好评！,5,1.0,0.483737975358963,0.5162620544433594
服务蛮不错的啊   还给升级了房间。 ,5,1.0,2.4478193154209293e-05,0.9999755620956421
酒店一看就很好，大厅放了好几种小点心，还有零食酒店服务很好，早餐品种多，还可以，下面吃,5,1.0,9.559770114719868e-05,0.9999043941497803
早餐好吃！服务好！干净！,5,1.0,0.0005482418928295374,0.9994516968727112
特别喜欢这个地方,5,1.0,0.00023967179004102945,0.9997603297233582
前台服务挺好的 房间也卫生干净 客房大姐还帮忙烧水 赞，早餐花样多味道也不错，白粥口感很好 还有各种小菜 ,5,1.0,2.1060479411971755e-05,0.9999788999557495
舒适温馨，前台伟超和新芳的服务特别好哦，还给我做升级，提醒我有健身房和免费饮料，点赞！,5,1.0,2.3236951165017672e-05,0.9999767541885376
虫子在地上死了好几天了，每次打扫完卫生也没见收拾,5,0.0,0.9999526739120483,4.7299370635300875e-05
前台小姑娘服务热情，值得再次入住。,5,1.0,0.00035184220178052783,0.9996480941772461
常住了，价格便宜会员，停车免费…房间也很干净,5,1.0,4.0115148294717073e-05,0.9999598264694214
空调声音大，隔音不好,5,0.0,0.9997386336326599,0.0002613996039144695
挺好的，服务很周到，热情，位置也很便利，房间卫生很干净，很安全，好评！！！,5,1.0,6.729497545165941e-05,0.9999326467514038
干净 舒服  特别好  推荐入住,5,1.0,0.004054732620716095,0.9959452748298645
酒店比较干净，服务态度好。,5,0.0,0.947198212146759,0.05280178412795067
入住感受挺好的，唯一的遗憾就是前台的一名女性服务员态度不好,5,1.0,9.920645243255422e-05,0.9999008178710938
建议增加机场送机服务,5,0.0,0.9999456405639648,5.4331885621650144e-05
"价格优惠，住宿的环境很好，卫生也很好，服务态度规范，值得推荐。性价比很高，房间非常干净 服务热情服务。态度亲切感，非常好?? 服务也非常到位。下次还会选择这里。
地理位置好，交通方便，房间舒适卫生，服务人员很热情，乐于提供各种帮助，前台小姑娘非常热情，值得奖励。房间设施齐全，服务人员素质高。早餐品种丰富，房间设施新，床品舒服，总体物超所值，是一次非常满意的体验。可免费停车，离地铁站近，步行七八分钟。离高铁站机也很近，很方便。周围吃喝很便捷。非常满意。
位置优越，交通便利，离地铁站很近，酒店设施齐全，房间干净整洁，住的很舒服。前台人员服务都很好，很主动，热情。早餐不错，品种多，性价比蛮高。",5,1.0,2.702588972169906e-05,0.999972939491272
服务态度挺好的。就是前台在31楼，第一次办入住有点晕,5,1.0,9.806535672396421e-05,0.9999018907546997
环境好卫生好服务好,5,1.0,0.006413294468075037,0.9935867190361023
"已经是好几次住了，各方面都合适。
",5,1.0,0.0010969761060550809,0.9989030361175537
服务态度全上海最好，房间装修好，干净卫生，早餐超好吃。,5,1.0,1.8384205759502947e-05,0.9999816417694092
交通很方便，就在地铁口，就是早餐没有自助，一个鸡蛋，牛奶，小面包，太简单了，不过楼下有个牛肉面。,5,1.0,6.069699884392321e-05,0.9999393224716187
"设施齐全 不错
",5,1.0,0.007438782602548599,0.9925611615180969
前台小姐姐热情好客，打咖啡一流，停车方便，性价比高！,5,1.0,2.1911740986979567e-05,0.9999780654907227
很棒的一家酒店，工作人员态度非常热情，前台小姐姐业务能力好，效率高，早餐非常好吃，房间干净整洁，科技化满满的，小度小度很有意思。是非常棒的一家酒店，强烈推荐入住。,5,1.0,3.960881440434605e-05,0.9999604225158691
"超级喜欢这家酒店,酒店工作人员服务好，态度好，很专业，很远就会热情问候。房间大，采光好，安静，wifi信号好，设施设备新，床舒适，枕头舒服，卫生好，洗漱用品好，茶叶配的居然是大红袍，大爱！早餐丰富，很好吃，糕点精致，水果新鲜，菜品爽口，开餐时间长。前台服务热情，办理入住快捷，主动为我叫车，并我为介绍周边情况。",5,1.0,1.3938558367954101e-05,0.9999860525131226
不到退房点，一个劲的催催催,5,0.0,0.999940037727356,5.99384329689201e-05
房间干净整洁，宽敞明亮，智能化窗帘，灯光，电视。,5,1.0,0.0002393342729192227,0.9997606873512268
点个赞??,5,1.0,0.028043454512953758,0.9719565510749817
"服务好，卫生干净，有免费停车，早餐丰富。保安大叔很和蔼！
",5,1.0,0.0001107711941585876,0.9998892545700073
热情，体贴，入住非常满意，热水适中，服务体贴，开心，房间干净卫生，下次会再次选择！,5,1.0,3.573362482711673e-05,0.9999642372131348
房间打扫得很干净，住着也舒心,5,1.0,0.14912103116512299,0.8508789539337158
性价比高，特别好,5,1.0,5.8962370530935004e-05,0.9999409914016724
"干净卫生，设施齐全，交通便利，前台服务态度好
",5,1.0,0.0033665921073406935,0.9966334700584412
因为疏忽，装满各种充电器的小包丢了，不值钱但是都是急用的，要特别感谢几个前台的帮忙和718号房间客人的拾金不昧，最终找到了，好评是必须的。,5,1.0,3.3141361200250685e-05,0.9999668598175049
客房服务很好，卫生干净。,5,0.0,0.6419464945793152,0.3580535352230072
"酒店位置极佳， 房间打扫的特别干净，房间很大，房间特别温馨，前台服务很热情，停车方便有停车场。还免费。酒店干净卫生，服务热情。交通便利。周边有商场超市。酒店无线信号快。房间设施特别齐全。房间24小时热水。很安全很好，值得推荐。
",5,1.0,0.0002571399963926524,0.9997428059577942
"非常不错，早餐也很棒，火车东站很近
",5,1.0,2.946214226540178e-05,0.999970555305481
餐饮服务真不错。棒。,5,1.0,8.757143950788304e-05,0.9999123811721802
卫生很棒，服务态度很好,5,1.0,0.0374986007809639,0.9625014066696167
服务，设施不错，但是早餐和静音可以做的更好,5,1.0,3.476578785921447e-05,0.9999651908874512
离浙二医院很近步行几分钟就到了很方便前台服务很好给我们多送来了几瓶矿泉水客房卫生也很到位干净,5,1.0,4.1258957935497165e-05,0.9999587535858154
热情周到的服务，人性化的管理，环境干净整洁，早餐能否再丰富一点？,5,1.0,1.889620216388721e-05,0.9999810457229614
房间很大，服务好，豆浆挺好喝,5,1.0,0.02095494605600834,0.9790450930595398
前台服务好，热情，有酸梅汁，柠檬茶，房间大，干净，卫生，好停车，不错,5,1.0,3.9826602005632594e-05,0.99996018409729
房间太小，又不隔音。住的很不舒服,5,0.0,0.9999617338180542,3.825657404377125e-05
服务很棒，卫生干净，喜欢。,5,1.0,0.0007407442317344248,0.9992592930793762
好评，房间干净，服务好,5,1.0,0.02981313318014145,0.9701868295669556
"1.入住时，提前预约的房间并没有及时收拾干净
2.走廊里异味严重
3.茶盘上有之前客人吃剩食物的骨头残渣，非常恶劣",5,0.0,0.999970555305481,2.9494642149074934e-05
房间干净整洁，服务热情细心，地铁站距离很近 ，棒！,5,1.0,5.951303683104925e-05,0.9999405145645142
非常好，服务特别体贴周到，干净舒适。,5,1.0,0.0004758400027640164,0.9995241165161133
前台小陈服务态度特别好,5,1.0,1.97013341676211e-05,0.9999803304672241
洗手间会有臭味出来,5,0.0,0.9998596906661987,0.00014031786122359335
服务好 卫生 好。,5,0.0,0.984127938747406,0.01587212271988392
